Nome Completo,CPF,Media Historico da Graduacao
Lucas Almeida,12345678901,8.7
Evelyn Rocha,790.548.326-65,6.7
Marcelo Gonçalves,287.036.591-86,4.3
Sophie Rezende,154.397.062-16,9.0
Letícia da Paz,756.018.293-30,3.4
Mariano Pimenta,12345678901,5.6
Maria da Cruz,790.548.326-65,8.7
Mauricio Silva,287.036.591-86,2.9
Bruna Moraes,154.397.062-16,4.0
Giovana Perfeito,756.018.293-30,9.6