Nome Completo,CPF,Nota Final
Lucas Almeida,12345678901,10.0
Evelyn Rocha,790.548.326-65,10.0
Mariano Pimenta,12345678901,10.0
Maria da Cruz,790.548.326-65,10.0
Giovana Perfeito,756.018.293-30,10.0
Sophie Rezende,154.397.062-16,6.67
Letícia da Paz,756.018.293-30,5.0
Marcelo Gonçalves,287.036.591-86,1.67
Mauricio Silva,287.036.591-86,1.67
Bruna Moraes,154.397.062-16,1.67
